﻿Designator,Footprint,Quantity,Value,LCSC Part #
"C1, C3",0603,2,2u2,
"C10, C13",0402,2,12p,
C11,0402,1,1u,
C12,0402,1,10u,
"C14, C15",1206,2,10u,
C16,0603,1,10n,
C2,0603,1,4u7,
"C4, C5, C6, C7, C9",0402,5,100n,
C8,0603,1,10u,
D1,0603,1,BLUE,
"D2, D3",D_SOD-123,2,B5819W,
D4,0603,1,RED,
F1,1206,1,250mA,
FB1,0805,1,600 @ 600MHz,
"H1, H2, H3, H4",MountingHole_4.3mm_M4_Pad_Via,4,MountingHole_Pad,
J1,USB_Micro-B_Amphenol_10118193-0002LF_Horizontal,1,USB_B_Micro,
J2,"TerminalBlock_Phoenix_PT-1,5-2-3.5-H_1x02_P3.50mm_Horizontal",1,Screw_Terminal_01x02,
"J3, J5",Molex_PicoBlade_53048-0410_1x04_P1.25mm_Horizontal,2,Conn_01x04,
J4,PinHeader_2x05_P1.27mm_Vertical_SMD,1,SWD,
L1,0402,1,39n,
L2,L_Sunlord_MWSA0518S,1,10u,
Q1,SOT-23,1,AO3401A,
R1,0603,1,1k5,
R10,0603,1,270,
R11,0603,1,1k,
"R2, R6",0402,2,2k2,
R3,0402,1,10k,
R4,0603,1,100k,
R5,0603,1,68k,
R7,0402,1,47,
R8,0603,1,47k,
R9,0603,1,15k,
SW1,SW_SPDT_PCM12,1,SW_SPDT,
U1,LQFP-64_10x10mm_P0.5mm,1,STM32F405RGT6,
U2,SOIC-8-1EP_3.9x4.9mm_P1.27mm_EP2.62x3.51mm,1,MP2303ADN,
U3,SOT-23-6,1,USBLC6-2SC6,
Y1,Crystal_SMD_3225-4Pin_3.2x2.5mm,1,16MHz,
